{"cameraMode":{"drawMode":0,"name":"Shaded","section":"Shading Mode"},"sceneLighting":false,"audioPlay":false,"sceneViewState":{"m_AlwaysRefresh":false,"showFog":true,"showSkybox":false,"showFlares":true,"showImageEffects":true,"showParticleSystems":true,"showVisualEffectGraphs":true,"m_FxEnabled":true},"in2DMode":false,"pivot":{"x":-1.5566072463989258,"y":0.9787454605102539,"z":9.026866912841797},"rotation":{"x":0.00021979858865961432,"y":0.9997954964637756,"z":0.013188422657549382,"w":-0.015874065458774568},"size":1.0178451538085938,"orthographic":false}