{"cameraMode":{"drawMode":0,"name":"Shaded","section":"Shading Mode"},"sceneLighting":false,"audioPlay":false,"sceneViewState":{"m_AlwaysRefresh":false,"showFog":true,"showSkybox":false,"showFlares":true,"showImageEffects":true,"showParticleSystems":true,"showVisualEffectGraphs":true,"m_FxEnabled":true},"in2DMode":false,"pivot":{"x":0.24598263204097749,"y":1.7089040279388428,"z":20.114471435546876},"rotation":{"x":0.06428156793117523,"y":0.6674016714096069,"z":0.05800274759531021,"w":-0.7396481037139893},"size":1.3084502220153809,"orthographic":false}