{"cameraMode":{"drawMode":0,"name":"Shaded","section":"Shading Mode"},"sceneLighting":false,"audioPlay":false,"sceneViewState":{"m_AlwaysRefresh":false,"showFog":true,"showSkybox":false,"showFlares":true,"showImageEffects":true,"showParticleSystems":true,"showVisualEffectGraphs":true,"m_FxEnabled":true},"in2DMode":false,"pivot":{"x":-0.03239011764526367,"y":1.5097671747207642,"z":19.964019775390626},"rotation":{"x":0.05712847784161568,"y":-0.7083762884140015,"z":0.05773353949189186,"w":0.7011600732803345},"size":1.3084502220153809,"orthographic":false}